{"A": {"Coordinates": [3776, 625], "Links": ["C"], "dist": ["1"]}, "B": {"Coordinates": [970, 910], "Links": ["C", "G"], "dist": ["5", "5"]}, "C": {"Coordinates": [3776, 910], "Links": ["A", "B", "D", "J"], "dist": ["1", "5", "6", "6"]}, "D": {"Coordinates": [6825, 910], "Links": ["C", "E"], "dist": ["6", "1"]}, "E": {"Coordinates": [6825, 740], "Links": ["D", "F"], "dist": ["1", "2"]}, "F": {"Coordinates": [7375, 740], "Links": ["E"], "dist": ["2"]}, "G": {"Coordinates": [970, 3535], "Links": ["B", "H"], "dist": ["5", "1"]}, "H": {"Coordinates": [1290, 3535], "Links": ["G", "I"], "dist": ["1", "5"]}, "I": {"Coordinates": [1290, 5800], "Links": ["H", "J", "K"], "dist": ["5", "4", "1"]}, "J": {"Coordinates": [3776, 5800], "Links": ["C", "I", "L"], "dist": ["6", "4", "4"]}, "K": {"Coordinates": [1290, 6250], "Links": ["I"], "dist": ["1"]}, "L": {"Coordinates": [3776, 8235], "Links": ["J"], "dist": ["4"]}}