[{"RoomName": "2.1", "Coordinates": [3776, 8106.0], "Links": ["J", "L"]}, {"RoomName": "2.2", "Coordinates": [3776, 7708.5], "Links": ["J", "L"]}, {"RoomName": "2.3", "Coordinates": [3776, 7553.5], "Links": ["J", "L"]}, {"RoomName": "2.4", "Coordinates": [3776, 7819.0], "Links": ["J", "L"]}, {"RoomName": "2.5", "Coordinates": [3776, 7421.5], "Links": ["J", "L"]}, {"RoomName": "2.6", "Coordinates": [3776, 6752.5], "Links": ["J", "L"]}, {"RoomName": "2.7", "Coordinates": [2724.5, 5800], "Links": ["I", "J"]}, {"RoomName": "2.8", "Coordinates": [3282.0, 5800], "Links": ["I", "J"]}, {"RoomName": "2.9", "Coordinates": [2725.5, 5800], "Links": ["I", "J"]}, {"RoomName": "2.10", "Coordinates": [1290, 6077.0], "Links": ["I", "K"]}, {"RoomName": "2.11", "Coordinates": [3033.0, 5800], "Links": ["I", "J"]}, {"RoomName": "2.12", "Coordinates": [1290, 5963.0], "Links": ["I", "K"]}, {"RoomName": "2.13", "Coordinates": [3221.0, 5800], "Links": ["I", "J"]}, {"RoomName": "2.14", "Coordinates": [2664.5, 5800], "Links": ["I", "J"]}, {"RoomName": "2.15", "Coordinates": [1290, 5567.5], "Links": ["I", "K"]}, {"RoomName": "2.16", "Coordinates": [1290, 5290.0], "Links": ["H", "I"]}, {"RoomName": "2.17", "Coordinates": [1290, 4927.5], "Links": ["H", "I"]}, {"RoomName": "2.18", "Coordinates": [1290, 5091.5], "Links": ["H", "I"]}, {"RoomName": "2.19", "Coordinates": [3033.0, 5800], "Links": ["I", "J"]}, {"RoomName": "2.20", "Coordinates": [2664.5, 5800], "Links": ["I", "J"]}, {"RoomName": "2.21", "Coordinates": [1290, 4526.5], "Links": ["H", "I"]}, {"RoomName": "2.22", "Coordinates": [1290, 4475.0], "Links": ["H", "I"]}, {"RoomName": "2.23", "Coordinates": [1290, 4204.5], "Links": ["H", "I"]}, {"RoomName": "2.24", "Coordinates": [838.5, 3535], "Links": ["G", "H"]}, {"RoomName": "2.25", "Coordinates": [1541.0, 3535], "Links": ["G", "H"]}, {"RoomName": "2.26", "Coordinates": [838.5, 3535], "Links": ["G", "H"]}, {"RoomName": "2.27", "Coordinates": [1541.0, 3535], "Links": ["G", "H"]}, {"RoomName": "2.28", "Coordinates": [515.5, 3535], "Links": ["G", "H"]}, {"RoomName": "2.29", "Coordinates": [1383.5, 3535], "Links": ["G", "H"]}, {"RoomName": "2.30", "Coordinates": [515.5, 3535], "Links": ["G", "H"]}, {"RoomName": "2.31", "Coordinates": [1383.5, 3535], "Links": ["G", "H"]}, {"RoomName": "2.32", "Coordinates": [515.5, 3535], "Links": ["G", "H"]}, {"RoomName": "2.33", "Coordinates": [1454.5, 3535], "Links": ["G", "H"]}, {"RoomName": "2.34", "Coordinates": [970, 2672.0], "Links": ["B", "G"]}, {"RoomName": "2.35", "Coordinates": [970, 2695.5], "Links": ["B", "G"]}, {"RoomName": "2.36", "Coordinates": [970, 2458.0], "Links": ["B", "G"]}, {"RoomName": "2.37", "Coordinates": [970, 2442.5], "Links": ["B", "G"]}, {"RoomName": "2.38", "Coordinates": [970, 2235.0], "Links": ["B", "G"]}, {"RoomName": "2.39", "Coordinates": [970, 2242.0], "Links": ["B", "G"]}, {"RoomName": "2.40", "Coordinates": [970, 2061.0], "Links": ["B", "G"]}, {"RoomName": "2.41", "Coordinates": [970, 2028.0], "Links": ["B", "G"]}, {"RoomName": "2.42", "Coordinates": [3776, 3188.0], "Links": ["C", "J"]}, {"RoomName": "2.43", "Coordinates": [970, 1821.0], "Links": ["B", "G"]}, {"RoomName": "2.44", "Coordinates": [970, 1738.5], "Links": ["B", "G"]}, {"RoomName": "2.45", "Coordinates": [970, 1371.0], "Links": ["B", "G"]}, {"RoomName": "2.46", "Coordinates": [2402.5, 910], "Links": ["B", "C"]}, {"RoomName": "2.47", "Coordinates": [2546.5, 910], "Links": ["B", "C"]}, {"RoomName": "2.48", "Coordinates": [2463.5, 910], "Links": ["B", "C"]}, {"RoomName": "2.49", "Coordinates": [1979.5, 910], "Links": ["B", "C"]}, {"RoomName": "2.50", "Coordinates": [5203.5, 910], "Links": ["C", "D"]}, {"RoomName": "2.51", "Coordinates": [4284.0, 910], "Links": ["C", "D"]}, {"RoomName": "2.52", "Coordinates": [970, 1124.5], "Links": ["B", "G"]}, {"RoomName": "2.53", "Coordinates": [7623.5, 740], "Links": ["E", "F"]}, {"RoomName": "2.54", "Coordinates": [6825, 1261.5], "Links": ["D", "E"]}, {"RoomName": "2.55", "Coordinates": [7623.5, 740], "Links": ["E", "F"]}, {"RoomName": "2.56", "Coordinates": [6825, 733.0], "Links": ["D", "E"]}, {"RoomName": "2.57", "Coordinates": [6825, 733.0], "Links": ["D", "E"]}, {"RoomName": "2.58", "Coordinates": [7415.5, 740], "Links": ["E", "F"]}, {"RoomName": "2.59", "Coordinates": [7678.0, 740], "Links": ["E", "F"]}, {"RoomName": "2.60", "Coordinates": [7415.5, 740], "Links": ["E", "F"]}, {"RoomName": "2.61", "Coordinates": [7144.5, 740], "Links": ["E", "F"]}, {"RoomName": "2.62", "Coordinates": [6872.0, 740], "Links": ["E", "F"]}, {"RoomName": "2.63", "Coordinates": [6825, 416.0], "Links": ["D", "E"]}, {"RoomName": "2.64", "Coordinates": [5840.0, 910], "Links": ["C", "D"]}, {"RoomName": "2.65", "Coordinates": [5374.0, 910], "Links": ["C", "D"]}, {"RoomName": "2.66", "Coordinates": [5077.5, 910], "Links": ["C", "D"]}, {"RoomName": "2.67", "Coordinates": [4835.5, 910], "Links": ["C", "D"]}, {"RoomName": "2.68", "Coordinates": [4582.0, 910], "Links": ["C", "D"]}, {"RoomName": "2.69", "Coordinates": [4315.0, 910], "Links": ["C", "D"]}, {"RoomName": "2.70", "Coordinates": [4046.5, 910], "Links": ["C", "D"]}, {"RoomName": "2.71", "Coordinates": [2235.5, 910], "Links": ["B", "C"]}, {"RoomName": "2.72", "Coordinates": [1669.5, 910], "Links": ["B", "C"]}, {"RoomName": "2.73", "Coordinates": [1809.5, 910], "Links": ["B", "C"]}, {"RoomName": "2.74", "Coordinates": [970, 580.0], "Links": ["B", "G"]}]