[{"RoomName": "3.1", "Coordinates": [3776, 8106.0], "Links": ["J", "L"]}, {"RoomName": "3.2", "Coordinates": [3776, 7708.5], "Links": ["J", "L"]}, {"RoomName": "3.3", "Coordinates": [3776, 7553.5], "Links": ["J", "L"]}, {"RoomName": "3.4", "Coordinates": [3776, 7819.0], "Links": ["J", "L"]}, {"RoomName": "3.5", "Coordinates": [3776, 7421.5], "Links": ["J", "L"]}, {"RoomName": "3.6", "Coordinates": [3776, 6752.5], "Links": ["J", "L"]}, {"RoomName": "3.7", "Coordinates": [2724.5, 5800], "Links": ["I", "J"]}, {"RoomName": "3.8", "Coordinates": [3282.0, 5800], "Links": ["I", "J"]}, {"RoomName": "3.9", "Coordinates": [2725.5, 5800], "Links": ["I", "J"]}, {"RoomName": "3.10", "Coordinates": [1290, 6077.0], "Links": ["I", "K"]}, {"RoomName": "3.11", "Coordinates": [3033.0, 5800], "Links": ["I", "J"]}, {"RoomName": "3.12", "Coordinates": [1290, 5963.0], "Links": ["I", "K"]}, {"RoomName": "3.13", "Coordinates": [3221.0, 5800], "Links": ["I", "J"]}, {"RoomName": "3.14", "Coordinates": [2664.5, 5800], "Links": ["I", "J"]}, {"RoomName": "3.15", "Coordinates": [1290, 5567.5], "Links": ["I", "K"]}, {"RoomName": "3.16", "Coordinates": [1290, 5290.0], "Links": ["H", "I"]}, {"RoomName": "3.17", "Coordinates": [1290, 4927.5], "Links": ["H", "I"]}, {"RoomName": "3.18", "Coordinates": [1290, 5091.5], "Links": ["H", "I"]}, {"RoomName": "3.19", "Coordinates": [3033.0, 5800], "Links": ["I", "J"]}, {"RoomName": "3.20", "Coordinates": [2664.5, 5800], "Links": ["I", "J"]}, {"RoomName": "3.21", "Coordinates": [1290, 4526.5], "Links": ["H", "I"]}, {"RoomName": "3.22", "Coordinates": [1290, 4475.0], "Links": ["H", "I"]}, {"RoomName": "3.23", "Coordinates": [1290, 4204.5], "Links": ["H", "I"]}, {"RoomName": "3.24", "Coordinates": [838.5, 3535], "Links": ["G", "H"]}, {"RoomName": "3.25", "Coordinates": [1541.0, 3535], "Links": ["G", "H"]}, {"RoomName": "3.26", "Coordinates": [838.5, 3535], "Links": ["G", "H"]}, {"RoomName": "3.27", "Coordinates": [1541.0, 3535], "Links": ["G", "H"]}, {"RoomName": "3.28", "Coordinates": [515.5, 3535], "Links": ["G", "H"]}, {"RoomName": "3.29", "Coordinates": [1383.5, 3535], "Links": ["G", "H"]}, {"RoomName": "3.30", "Coordinates": [515.5, 3535], "Links": ["G", "H"]}, {"RoomName": "3.31", "Coordinates": [1383.5, 3535], "Links": ["G", "H"]}, {"RoomName": "3.32", "Coordinates": [515.5, 3535], "Links": ["G", "H"]}, {"RoomName": "3.33", "Coordinates": [1454.5, 3535], "Links": ["G", "H"]}, {"RoomName": "3.34", "Coordinates": [970, 2672.0], "Links": ["B", "G"]}, {"RoomName": "3.35", "Coordinates": [970, 2695.5], "Links": ["B", "G"]}, {"RoomName": "3.36", "Coordinates": [970, 2458.0], "Links": ["B", "G"]}, {"RoomName": "3.37", "Coordinates": [970, 2442.5], "Links": ["B", "G"]}, {"RoomName": "3.38", "Coordinates": [970, 2235.0], "Links": ["B", "G"]}, {"RoomName": "3.39", "Coordinates": [970, 2242.0], "Links": ["B", "G"]}, {"RoomName": "3.40", "Coordinates": [970, 2061.0], "Links": ["B", "G"]}, {"RoomName": "3.41", "Coordinates": [970, 2028.0], "Links": ["B", "G"]}, {"RoomName": "3.42", "Coordinates": [3776, 3188.0], "Links": ["C", "J"]}, {"RoomName": "3.43", "Coordinates": [970, 1821.0], "Links": ["B", "G"]}, {"RoomName": "3.44", "Coordinates": [970, 1738.5], "Links": ["B", "G"]}, {"RoomName": "3.45", "Coordinates": [970, 1371.0], "Links": ["B", "G"]}, {"RoomName": "3.46", "Coordinates": [2402.5, 910], "Links": ["B", "C"]}, {"RoomName": "3.47", "Coordinates": [2546.5, 910], "Links": ["B", "C"]}, {"RoomName": "3.48", "Coordinates": [2463.5, 910], "Links": ["B", "C"]}, {"RoomName": "3.49", "Coordinates": [1979.5, 910], "Links": ["B", "C"]}, {"RoomName": "3.50", "Coordinates": [5203.5, 910], "Links": ["C", "D"]}, {"RoomName": "3.51", "Coordinates": [4284.0, 910], "Links": ["C", "D"]}, {"RoomName": "3.52", "Coordinates": [970, 1124.5], "Links": ["B", "G"]}, {"RoomName": "3.53", "Coordinates": [7623.5, 740], "Links": ["E", "F"]}, {"RoomName": "3.54", "Coordinates": [6825, 1261.5], "Links": ["D", "E"]}, {"RoomName": "3.55", "Coordinates": [7623.5, 740], "Links": ["E", "F"]}, {"RoomName": "3.56", "Coordinates": [6825, 733.0], "Links": ["D", "E"]}, {"RoomName": "3.57", "Coordinates": [6825, 733.0], "Links": ["D", "E"]}, {"RoomName": "3.58", "Coordinates": [7415.5, 740], "Links": ["E", "F"]}, {"RoomName": "3.59", "Coordinates": [7678.0, 740], "Links": ["E", "F"]}, {"RoomName": "3.60", "Coordinates": [7415.5, 740], "Links": ["E", "F"]}, {"RoomName": "3.61", "Coordinates": [7144.5, 740], "Links": ["E", "F"]}, {"RoomName": "3.62", "Coordinates": [6872.0, 740], "Links": ["E", "F"]}, {"RoomName": "3.63", "Coordinates": [6825, 416.0], "Links": ["D", "E"]}, {"RoomName": "3.64", "Coordinates": [5840.0, 910], "Links": ["C", "D"]}, {"RoomName": "3.65", "Coordinates": [5374.0, 910], "Links": ["C", "D"]}, {"RoomName": "3.66", "Coordinates": [5077.5, 910], "Links": ["C", "D"]}, {"RoomName": "3.67", "Coordinates": [4835.5, 910], "Links": ["C", "D"]}, {"RoomName": "3.68", "Coordinates": [4582.0, 910], "Links": ["C", "D"]}, {"RoomName": "3.69", "Coordinates": [4315.0, 910], "Links": ["C", "D"]}, {"RoomName": "3.70", "Coordinates": [4046.5, 910], "Links": ["C", "D"]}, {"RoomName": "3.71", "Coordinates": [2235.5, 910], "Links": ["B", "C"]}, {"RoomName": "3.72", "Coordinates": [1669.5, 910], "Links": ["B", "C"]}, {"RoomName": "3.73", "Coordinates": [1809.5, 910], "Links": ["B", "C"]}, {"RoomName": "3.74", "Coordinates": [970, 580.0], "Links": ["B", "G"]}]