[{"RoomName": "0.1", "Coordinates": [3776, 8106.0], "Links": ["J", "L"]}, {"RoomName": "0.2", "Coordinates": [3776, 7708.5], "Links": ["J", "L"]}, {"RoomName": "0.3", "Coordinates": [3776, 7553.5], "Links": ["J", "L"]}, {"RoomName": "0.4", "Coordinates": [3776, 7819.0], "Links": ["J", "L"]}, {"RoomName": "0.5", "Coordinates": [3776, 7421.5], "Links": ["J", "L"]}, {"RoomName": "0.6", "Coordinates": [3776, 6752.5], "Links": ["J", "L"]}, {"RoomName": "0.7", "Coordinates": [2724.5, 5800], "Links": ["I", "J"]}, {"RoomName": "0.8", "Coordinates": [3282.0, 5800], "Links": ["I", "J"]}, {"RoomName": "0.9", "Coordinates": [2725.5, 5800], "Links": ["I", "J"]}, {"RoomName": "0.10", "Coordinates": [1290, 6077.0], "Links": ["I", "K"]}, {"RoomName": "0.11", "Coordinates": [3033.0, 5800], "Links": ["I", "J"]}, {"RoomName": "0.12", "Coordinates": [1290, 5963.0], "Links": ["I", "K"]}, {"RoomName": "0.13", "Coordinates": [3221.0, 5800], "Links": ["I", "J"]}, {"RoomName": "0.14", "Coordinates": [2664.5, 5800], "Links": ["I", "J"]}, {"RoomName": "0.15", "Coordinates": [1290, 5567.5], "Links": ["I", "K"]}, {"RoomName": "0.16", "Coordinates": [1290, 5290.0], "Links": ["H", "I"]}, {"RoomName": "0.17", "Coordinates": [1290, 4927.5], "Links": ["H", "I"]}, {"RoomName": "0.18", "Coordinates": [1290, 5091.5], "Links": ["H", "I"]}, {"RoomName": "0.19", "Coordinates": [3033.0, 5800], "Links": ["I", "J"]}, {"RoomName": "0.20", "Coordinates": [2664.5, 5800], "Links": ["I", "J"]}, {"RoomName": "0.21", "Coordinates": [1290, 4526.5], "Links": ["H", "I"]}, {"RoomName": "0.22", "Coordinates": [1290, 4475.0], "Links": ["H", "I"]}, {"RoomName": "0.23", "Coordinates": [1290, 4204.5], "Links": ["H", "I"]}, {"RoomName": "0.24", "Coordinates": [838.5, 3535], "Links": ["G", "H"]}, {"RoomName": "0.25", "Coordinates": [1541.0, 3535], "Links": ["G", "H"]}, {"RoomName": "0.26", "Coordinates": [838.5, 3535], "Links": ["G", "H"]}, {"RoomName": "0.27", "Coordinates": [1541.0, 3535], "Links": ["G", "H"]}, {"RoomName": "0.28", "Coordinates": [515.5, 3535], "Links": ["G", "H"]}, {"RoomName": "0.29", "Coordinates": [1383.5, 3535], "Links": ["G", "H"]}, {"RoomName": "0.30", "Coordinates": [515.5, 3535], "Links": ["G", "H"]}, {"RoomName": "0.31", "Coordinates": [1383.5, 3535], "Links": ["G", "H"]}, {"RoomName": "0.32", "Coordinates": [515.5, 3535], "Links": ["G", "H"]}, {"RoomName": "0.33", "Coordinates": [1454.5, 3535], "Links": ["G", "H"]}, {"RoomName": "0.34", "Coordinates": [970, 2672.0], "Links": ["B", "G"]}, {"RoomName": "0.35", "Coordinates": [970, 2695.5], "Links": ["B", "G"]}, {"RoomName": "0.36", "Coordinates": [970, 2458.0], "Links": ["B", "G"]}, {"RoomName": "0.37", "Coordinates": [970, 2442.5], "Links": ["B", "G"]}, {"RoomName": "0.38", "Coordinates": [970, 2235.0], "Links": ["B", "G"]}, {"RoomName": "0.39", "Coordinates": [970, 2242.0], "Links": ["B", "G"]}, {"RoomName": "0.40", "Coordinates": [970, 2061.0], "Links": ["B", "G"]}, {"RoomName": "0.41", "Coordinates": [970, 2028.0], "Links": ["B", "G"]}, {"RoomName": "0.42", "Coordinates": [3776, 3188.0], "Links": ["C", "J"]}, {"RoomName": "0.43", "Coordinates": [970, 1821.0], "Links": ["B", "G"]}, {"RoomName": "0.44", "Coordinates": [970, 1738.5], "Links": ["B", "G"]}, {"RoomName": "0.45", "Coordinates": [970, 1371.0], "Links": ["B", "G"]}, {"RoomName": "0.46", "Coordinates": [2402.5, 910], "Links": ["B", "C"]}, {"RoomName": "0.47", "Coordinates": [2546.5, 910], "Links": ["B", "C"]}, {"RoomName": "0.48", "Coordinates": [2463.5, 910], "Links": ["B", "C"]}, {"RoomName": "0.49", "Coordinates": [1979.5, 910], "Links": ["B", "C"]}, {"RoomName": "0.50", "Coordinates": [5203.5, 910], "Links": ["C", "D"]}, {"RoomName": "0.51", "Coordinates": [4284.0, 910], "Links": ["C", "D"]}, {"RoomName": "0.52", "Coordinates": [970, 1124.5], "Links": ["B", "G"]}, {"RoomName": "0.53", "Coordinates": [7623.5, 740], "Links": ["E", "F"]}, {"RoomName": "0.54", "Coordinates": [6825, 1261.5], "Links": ["D", "E"]}, {"RoomName": "0.55", "Coordinates": [7623.5, 740], "Links": ["E", "F"]}, {"RoomName": "0.56", "Coordinates": [6825, 733.0], "Links": ["D", "E"]}, {"RoomName": "0.57", "Coordinates": [6825, 733.0], "Links": ["D", "E"]}, {"RoomName": "0.58", "Coordinates": [7415.5, 740], "Links": ["E", "F"]}, {"RoomName": "0.59", "Coordinates": [7678.0, 740], "Links": ["E", "F"]}, {"RoomName": "0.60", "Coordinates": [7415.5, 740], "Links": ["E", "F"]}, {"RoomName": "0.61", "Coordinates": [7144.5, 740], "Links": ["E", "F"]}, {"RoomName": "0.62", "Coordinates": [6872.0, 740], "Links": ["E", "F"]}, {"RoomName": "0.63", "Coordinates": [6825, 416.0], "Links": ["D", "E"]}, {"RoomName": "0.64", "Coordinates": [5840.0, 910], "Links": ["C", "D"]}, {"RoomName": "0.65", "Coordinates": [5374.0, 910], "Links": ["C", "D"]}, {"RoomName": "0.66", "Coordinates": [5077.5, 910], "Links": ["C", "D"]}, {"RoomName": "0.67", "Coordinates": [4835.5, 910], "Links": ["C", "D"]}, {"RoomName": "0.68", "Coordinates": [4582.0, 910], "Links": ["C", "D"]}, {"RoomName": "0.69", "Coordinates": [4315.0, 910], "Links": ["C", "D"]}, {"RoomName": "0.70", "Coordinates": [4046.5, 910], "Links": ["C", "D"]}, {"RoomName": "0.71", "Coordinates": [2235.5, 910], "Links": ["B", "C"]}, {"RoomName": "0.72", "Coordinates": [1669.5, 910], "Links": ["B", "C"]}, {"RoomName": "0.73", "Coordinates": [1809.5, 910], "Links": ["B", "C"]}, {"RoomName": "0.74", "Coordinates": [970, 580.0], "Links": ["B", "G"]}]