[{"RoomName": "1.1", "Coordinates": [3776, 8106.0], "Links": ["J", "L"]}, {"RoomName": "1.2", "Coordinates": [3776, 7708.5], "Links": ["J", "L"]}, {"RoomName": "1.3", "Coordinates": [3776, 7553.5], "Links": ["J", "L"]}, {"RoomName": "1.4", "Coordinates": [3776, 7819.0], "Links": ["J", "L"]}, {"RoomName": "1.5", "Coordinates": [3776, 7421.5], "Links": ["J", "L"]}, {"RoomName": "1.6", "Coordinates": [3776, 6752.5], "Links": ["J", "L"]}, {"RoomName": "1.7", "Coordinates": [2724.5, 5800], "Links": ["I", "J"]}, {"RoomName": "1.8", "Coordinates": [3282.0, 5800], "Links": ["I", "J"]}, {"RoomName": "1.9", "Coordinates": [2725.5, 5800], "Links": ["I", "J"]}, {"RoomName": "1.10", "Coordinates": [1290, 6077.0], "Links": ["I", "K"]}, {"RoomName": "1.11", "Coordinates": [3033.0, 5800], "Links": ["I", "J"]}, {"RoomName": "1.12", "Coordinates": [1290, 5963.0], "Links": ["I", "K"]}, {"RoomName": "1.13", "Coordinates": [3221.0, 5800], "Links": ["I", "J"]}, {"RoomName": "1.14", "Coordinates": [2664.5, 5800], "Links": ["I", "J"]}, {"RoomName": "1.15", "Coordinates": [1290, 5567.5], "Links": ["I", "K"]}, {"RoomName": "1.16", "Coordinates": [1290, 5290.0], "Links": ["H", "I"]}, {"RoomName": "1.17", "Coordinates": [1290, 4927.5], "Links": ["H", "I"]}, {"RoomName": "1.18", "Coordinates": [1290, 5091.5], "Links": ["H", "I"]}, {"RoomName": "1.19", "Coordinates": [3033.0, 5800], "Links": ["I", "J"]}, {"RoomName": "1.20", "Coordinates": [2664.5, 5800], "Links": ["I", "J"]}, {"RoomName": "1.21", "Coordinates": [1290, 4526.5], "Links": ["H", "I"]}, {"RoomName": "1.22", "Coordinates": [1290, 4475.0], "Links": ["H", "I"]}, {"RoomName": "1.23", "Coordinates": [1290, 4204.5], "Links": ["H", "I"]}, {"RoomName": "1.24", "Coordinates": [838.5, 3535], "Links": ["G", "H"]}, {"RoomName": "1.25", "Coordinates": [1541.0, 3535], "Links": ["G", "H"]}, {"RoomName": "1.26", "Coordinates": [838.5, 3535], "Links": ["G", "H"]}, {"RoomName": "1.27", "Coordinates": [1541.0, 3535], "Links": ["G", "H"]}, {"RoomName": "1.28", "Coordinates": [515.5, 3535], "Links": ["G", "H"]}, {"RoomName": "1.29", "Coordinates": [1383.5, 3535], "Links": ["G", "H"]}, {"RoomName": "1.30", "Coordinates": [515.5, 3535], "Links": ["G", "H"]}, {"RoomName": "1.31", "Coordinates": [1383.5, 3535], "Links": ["G", "H"]}, {"RoomName": "1.32", "Coordinates": [515.5, 3535], "Links": ["G", "H"]}, {"RoomName": "1.33", "Coordinates": [1454.5, 3535], "Links": ["G", "H"]}, {"RoomName": "1.34", "Coordinates": [970, 2672.0], "Links": ["B", "G"]}, {"RoomName": "1.35", "Coordinates": [970, 2695.5], "Links": ["B", "G"]}, {"RoomName": "1.36", "Coordinates": [970, 2458.0], "Links": ["B", "G"]}, {"RoomName": "1.37", "Coordinates": [970, 2442.5], "Links": ["B", "G"]}, {"RoomName": "1.38", "Coordinates": [970, 2235.0], "Links": ["B", "G"]}, {"RoomName": "1.39", "Coordinates": [970, 2242.0], "Links": ["B", "G"]}, {"RoomName": "1.40", "Coordinates": [970, 2061.0], "Links": ["B", "G"]}, {"RoomName": "1.41", "Coordinates": [970, 2028.0], "Links": ["B", "G"]}, {"RoomName": "1.42", "Coordinates": [3776, 3188.0], "Links": ["C", "J"]}, {"RoomName": "1.43", "Coordinates": [970, 1821.0], "Links": ["B", "G"]}, {"RoomName": "1.44", "Coordinates": [970, 1738.5], "Links": ["B", "G"]}, {"RoomName": "1.45", "Coordinates": [970, 1371.0], "Links": ["B", "G"]}, {"RoomName": "1.46", "Coordinates": [2402.5, 910], "Links": ["B", "C"]}, {"RoomName": "1.47", "Coordinates": [2546.5, 910], "Links": ["B", "C"]}, {"RoomName": "1.48", "Coordinates": [2463.5, 910], "Links": ["B", "C"]}, {"RoomName": "1.49", "Coordinates": [1979.5, 910], "Links": ["B", "C"]}, {"RoomName": "1.50", "Coordinates": [5203.5, 910], "Links": ["C", "D"]}, {"RoomName": "1.51", "Coordinates": [4284.0, 910], "Links": ["C", "D"]}, {"RoomName": "1.52", "Coordinates": [970, 1124.5], "Links": ["B", "G"]}, {"RoomName": "1.53", "Coordinates": [7623.5, 740], "Links": ["E", "F"]}, {"RoomName": "1.54", "Coordinates": [6825, 1261.5], "Links": ["D", "E"]}, {"RoomName": "1.55", "Coordinates": [7623.5, 740], "Links": ["E", "F"]}, {"RoomName": "1.56", "Coordinates": [6825, 733.0], "Links": ["D", "E"]}, {"RoomName": "1.57", "Coordinates": [6825, 733.0], "Links": ["D", "E"]}, {"RoomName": "1.58", "Coordinates": [7415.5, 740], "Links": ["E", "F"]}, {"RoomName": "1.59", "Coordinates": [7678.0, 740], "Links": ["E", "F"]}, {"RoomName": "1.60", "Coordinates": [7415.5, 740], "Links": ["E", "F"]}, {"RoomName": "1.61", "Coordinates": [7144.5, 740], "Links": ["E", "F"]}, {"RoomName": "1.62", "Coordinates": [6872.0, 740], "Links": ["E", "F"]}, {"RoomName": "1.63", "Coordinates": [6825, 416.0], "Links": ["D", "E"]}, {"RoomName": "1.64", "Coordinates": [5840.0, 910], "Links": ["C", "D"]}, {"RoomName": "1.65", "Coordinates": [5374.0, 910], "Links": ["C", "D"]}, {"RoomName": "1.66", "Coordinates": [5077.5, 910], "Links": ["C", "D"]}, {"RoomName": "1.67", "Coordinates": [4835.5, 910], "Links": ["C", "D"]}, {"RoomName": "1.68", "Coordinates": [4582.0, 910], "Links": ["C", "D"]}, {"RoomName": "1.69", "Coordinates": [4315.0, 910], "Links": ["C", "D"]}, {"RoomName": "1.70", "Coordinates": [4046.5, 910], "Links": ["C", "D"]}, {"RoomName": "1.71", "Coordinates": [2235.5, 910], "Links": ["B", "C"]}, {"RoomName": "1.72", "Coordinates": [1669.5, 910], "Links": ["B", "C"]}, {"RoomName": "1.73", "Coordinates": [1809.5, 910], "Links": ["B", "C"]}, {"RoomName": "1.74", "Coordinates": [970, 580.0], "Links": ["B", "G"]}]