[{"RoomName": "4.1", "Coordinates": [3776, 8106.0], "Links": ["J", "L"]}, {"RoomName": "4.2", "Coordinates": [3776, 7708.5], "Links": ["J", "L"]}, {"RoomName": "4.3", "Coordinates": [3776, 7553.5], "Links": ["J", "L"]}, {"RoomName": "4.4", "Coordinates": [3776, 7819.0], "Links": ["J", "L"]}, {"RoomName": "4.5", "Coordinates": [3776, 7421.5], "Links": ["J", "L"]}, {"RoomName": "4.6", "Coordinates": [3776, 6752.5], "Links": ["J", "L"]}, {"RoomName": "4.7", "Coordinates": [2724.5, 5800], "Links": ["I", "J"]}, {"RoomName": "4.8", "Coordinates": [3282.0, 5800], "Links": ["I", "J"]}, {"RoomName": "4.9", "Coordinates": [2725.5, 5800], "Links": ["I", "J"]}, {"RoomName": "4.10", "Coordinates": [1290, 6077.0], "Links": ["I", "K"]}, {"RoomName": "4.11", "Coordinates": [3033.0, 5800], "Links": ["I", "J"]}, {"RoomName": "4.12", "Coordinates": [1290, 5963.0], "Links": ["I", "K"]}, {"RoomName": "4.13", "Coordinates": [3221.0, 5800], "Links": ["I", "J"]}, {"RoomName": "4.14", "Coordinates": [2664.5, 5800], "Links": ["I", "J"]}, {"RoomName": "4.15", "Coordinates": [1290, 5567.5], "Links": ["I", "K"]}, {"RoomName": "4.16", "Coordinates": [1290, 5290.0], "Links": ["H", "I"]}, {"RoomName": "4.17", "Coordinates": [1290, 4927.5], "Links": ["H", "I"]}, {"RoomName": "4.18", "Coordinates": [1290, 5091.5], "Links": ["H", "I"]}, {"RoomName": "4.19", "Coordinates": [3033.0, 5800], "Links": ["I", "J"]}, {"RoomName": "4.20", "Coordinates": [2664.5, 5800], "Links": ["I", "J"]}, {"RoomName": "4.21", "Coordinates": [1290, 4526.5], "Links": ["H", "I"]}, {"RoomName": "4.22", "Coordinates": [1290, 4475.0], "Links": ["H", "I"]}, {"RoomName": "4.23", "Coordinates": [1290, 4204.5], "Links": ["H", "I"]}, {"RoomName": "4.24", "Coordinates": [838.5, 3535], "Links": ["G", "H"]}, {"RoomName": "4.25", "Coordinates": [1541.0, 3535], "Links": ["G", "H"]}, {"RoomName": "4.26", "Coordinates": [838.5, 3535], "Links": ["G", "H"]}, {"RoomName": "4.27", "Coordinates": [1541.0, 3535], "Links": ["G", "H"]}, {"RoomName": "4.28", "Coordinates": [515.5, 3535], "Links": ["G", "H"]}, {"RoomName": "4.29", "Coordinates": [1383.5, 3535], "Links": ["G", "H"]}, {"RoomName": "4.30", "Coordinates": [515.5, 3535], "Links": ["G", "H"]}, {"RoomName": "4.31", "Coordinates": [1383.5, 3535], "Links": ["G", "H"]}, {"RoomName": "4.32", "Coordinates": [515.5, 3535], "Links": ["G", "H"]}, {"RoomName": "4.33", "Coordinates": [1454.5, 3535], "Links": ["G", "H"]}, {"RoomName": "4.34", "Coordinates": [970, 2672.0], "Links": ["B", "G"]}, {"RoomName": "4.35", "Coordinates": [970, 2695.5], "Links": ["B", "G"]}, {"RoomName": "4.36", "Coordinates": [970, 2458.0], "Links": ["B", "G"]}, {"RoomName": "4.37", "Coordinates": [970, 2442.5], "Links": ["B", "G"]}, {"RoomName": "4.38", "Coordinates": [970, 2235.0], "Links": ["B", "G"]}, {"RoomName": "4.39", "Coordinates": [970, 2242.0], "Links": ["B", "G"]}, {"RoomName": "4.40", "Coordinates": [970, 2061.0], "Links": ["B", "G"]}, {"RoomName": "4.41", "Coordinates": [970, 2028.0], "Links": ["B", "G"]}, {"RoomName": "4.42", "Coordinates": [3776, 3188.0], "Links": ["C", "J"]}, {"RoomName": "4.43", "Coordinates": [970, 1821.0], "Links": ["B", "G"]}, {"RoomName": "4.44", "Coordinates": [970, 1738.5], "Links": ["B", "G"]}, {"RoomName": "4.45", "Coordinates": [970, 1371.0], "Links": ["B", "G"]}, {"RoomName": "4.46", "Coordinates": [2402.5, 910], "Links": ["B", "C"]}, {"RoomName": "4.47", "Coordinates": [2546.5, 910], "Links": ["B", "C"]}, {"RoomName": "4.48", "Coordinates": [2463.5, 910], "Links": ["B", "C"]}, {"RoomName": "4.49", "Coordinates": [1979.5, 910], "Links": ["B", "C"]}, {"RoomName": "4.50", "Coordinates": [5203.5, 910], "Links": ["C", "D"]}, {"RoomName": "4.51", "Coordinates": [4284.0, 910], "Links": ["C", "D"]}, {"RoomName": "4.52", "Coordinates": [970, 1124.5], "Links": ["B", "G"]}, {"RoomName": "4.53", "Coordinates": [7623.5, 740], "Links": ["E", "F"]}, {"RoomName": "4.54", "Coordinates": [6825, 1261.5], "Links": ["D", "E"]}, {"RoomName": "4.55", "Coordinates": [7623.5, 740], "Links": ["E", "F"]}, {"RoomName": "4.56", "Coordinates": [6825, 733.0], "Links": ["D", "E"]}, {"RoomName": "4.57", "Coordinates": [6825, 733.0], "Links": ["D", "E"]}, {"RoomName": "4.58", "Coordinates": [7415.5, 740], "Links": ["E", "F"]}, {"RoomName": "4.59", "Coordinates": [7678.0, 740], "Links": ["E", "F"]}, {"RoomName": "4.60", "Coordinates": [7415.5, 740], "Links": ["E", "F"]}, {"RoomName": "4.61", "Coordinates": [7144.5, 740], "Links": ["E", "F"]}, {"RoomName": "4.62", "Coordinates": [6872.0, 740], "Links": ["E", "F"]}, {"RoomName": "4.63", "Coordinates": [6825, 416.0], "Links": ["D", "E"]}, {"RoomName": "4.64", "Coordinates": [5840.0, 910], "Links": ["C", "D"]}, {"RoomName": "4.65", "Coordinates": [5374.0, 910], "Links": ["C", "D"]}, {"RoomName": "4.66", "Coordinates": [5077.5, 910], "Links": ["C", "D"]}, {"RoomName": "4.67", "Coordinates": [4835.5, 910], "Links": ["C", "D"]}, {"RoomName": "4.68", "Coordinates": [4582.0, 910], "Links": ["C", "D"]}, {"RoomName": "4.69", "Coordinates": [4315.0, 910], "Links": ["C", "D"]}, {"RoomName": "4.70", "Coordinates": [4046.5, 910], "Links": ["C", "D"]}, {"RoomName": "4.71", "Coordinates": [2235.5, 910], "Links": ["B", "C"]}, {"RoomName": "4.72", "Coordinates": [1669.5, 910], "Links": ["B", "C"]}, {"RoomName": "4.73", "Coordinates": [1809.5, 910], "Links": ["B", "C"]}, {"RoomName": "4.74", "Coordinates": [970, 580.0], "Links": ["B", "G"]}]